,name
0,1000000461_1048200_1.jpeg
1,1000000461_1048200_2.jpeg
2,1000000461_1048200_3.jpeg
3,1000000461_105915_1.jpeg
4,1000000461_105915_2.jpeg
5,1000000461_105915_3.jpeg
6,1000000461_105915_4.jpeg
7,1000000461_1093787_1.jpeg
8,1000000461_1093787_2.jpeg
9,1000000461_1093787_3.jpeg
10,1000000461_1208133_1.jpeg
11,1000000461_1208133_2.jpeg
12,1000000461_1208133_3.jpeg
13,1000000461_1208133_4.jpeg
14,1000000461_1328228_1.jpeg
15,1000000461_1354894_1.jpeg
16,1000000461_1354894_2.jpeg
17,1000000461_1354894_3.jpeg
18,1000000461_1355529_1.jpeg
19,1000000461_1477576_1.jpeg
20,1000000461_1477576_2.jpeg
21,1000000461_1477576_3.jpeg
22,1000000461_1477576_4.jpeg
23,1000000461_1490656_1.jpeg
24,1000000461_1490656_2.jpeg
25,1000000461_1490656_3.jpeg
26,1000000461_155633_1.jpeg
27,1000000461_155633_2.jpeg
28,1000000461_1569296_1.jpeg
29,1000000461_1569296_2.jpeg
30,1000000461_1569296_3.jpeg
31,1000000461_1587157_1.jpeg
32,1000000461_1587157_2.jpeg
33,1000000461_1587157_3.jpeg
34,1000000461_1587157_4.jpeg
35,1000000461_1795751_1.jpeg
36,1000000461_1795751_2.jpeg
37,1000000461_1795751_3.jpeg
38,1000000461_1795751_4.jpeg
39,1000000461_1901107_1.jpeg
40,1000000461_1901107_2.jpeg
41,1000000461_1901107_3.jpeg
42,1000000461_1901107_4.jpeg
43,1000000461_1910887_1.jpeg
44,1000000461_1969069_1.jpeg
45,1000000461_1969069_2.jpeg
46,1000000461_2236052_2.jpeg
47,1000000461_2236052_3.jpeg
48,1000000461_2236052_4.jpeg
49,1000000461_2356058_1.jpeg
50,1000000461_2356058_2.jpeg
51,1000000461_2370800_1.jpeg
52,1000000461_2370800_2.jpeg
53,1000000461_2370800_3.jpeg
54,1000000461_2390155_1.jpeg
55,1000000461_2390155_2.jpeg
56,1000000461_2390155_3.jpeg
57,1000000461_24082_0.jpeg
58,1000000461_24082_1.jpeg
59,1000000461_316852_1.jpeg
60,1000000461_543504_1.jpeg
61,1000000461_543504_2.jpeg
62,1000000461_543504_3.jpeg
63,1000000461_558309_1.jpeg
64,1000000461_558309_2.jpeg
65,1000000461_558309_3.jpeg
66,1000000461_558309_4.jpeg
67,1000000461_643280_1.jpeg
68,1000000461_643280_2.jpeg
69,1000000461_643280_3.jpeg
70,1000000461_873399_1.jpeg
71,1000000461_873399_2.jpeg
72,1000000461_893417_1.jpeg
73,1000000461_893417_2.jpeg
74,1000000461_893417_3.jpeg
75,1000000461_893417_4.jpeg
76,1000000489_1005614_1.jpeg
77,1000000489_1005614_2.jpeg
78,1000000489_1862430_1.jpeg
79,1000000489_2145460_1.jpeg
80,1000000489_2156712_1.jpeg
81,1000000489_2156712_2.jpeg
82,1000000489_217329_1.jpeg
83,1000000489_217329_2.jpeg
84,1000000489_217329_3.jpeg
85,1000000489_217329_4.jpeg
86,1000000489_2195107_1.jpeg
87,1000000489_2208673_1.jpeg
88,1000000489_2254961_1.jpeg
89,1000000489_2340122_1.jpeg
90,1000000489_2363582_1.jpeg
91,1000000489_2395275_1.jpeg
92,1000000489_2395275_2.jpeg
93,1000000489_2395275_3.jpeg
94,1000000489_2395275_4.jpeg
95,1000000489_2671202_1.jpeg
96,1000000489_2676730_1.jpeg
97,1000000489_2676730_2.jpeg
98,1000000489_2680123_1.jpeg
99,1000000489_2680123_2.jpeg
100,1000000489_2680123_3.jpeg
101,1000000489_332054_2.jpeg
102,1000000489_396825_1.jpeg
103,1000000489_396825_2.jpeg
104,1000000489_396825_3.jpeg
105,1000000489_404386_1.jpeg
106,1000000489_404386_2.jpeg
107,1000000489_445852_1.jpeg
108,1000000489_514838_1.jpeg
109,1000000489_53046_0.jpeg
110,1000000489_53046_1.jpeg
111,1000000489_53046_2.jpeg
112,1000000489_53046_3.jpeg
113,1000000489_621677_1.jpeg
114,1000000489_621677_2.jpeg
115,1000000489_653405_1.jpeg
116,1000000489_658674_1.jpeg
117,1000000489_658674_2.jpeg
118,1000000489_686785_1.jpeg
119,1000000489_686785_2.jpeg
120,1000000489_745537_1.jpeg
121,1000000489_745537_2.jpeg
122,1000000489_75387_1.jpeg
123,1000000489_783457_1.jpeg
124,1000000489_868090_1.jpeg
125,1000000489_868090_2.jpeg
126,1000000489_930850_1.jpeg
127,1000001589_100831_1.jpeg
128,1000001589_100831_2.jpeg
129,1000001589_322619_3.jpeg
130,1000001589_322619_4.jpeg
131,1000001589_335941_1.jpeg
132,1000001589_356694_1.jpeg
133,1000001589_356694_2.jpeg
134,1000001589_411648_1.jpeg
135,1000001589_411648_2.jpeg
136,1000001589_411648_3.jpeg
137,1000001589_411648_4.jpeg
138,1000001589_415168_1.jpeg
139,1000001589_415168_2.jpeg
140,1000001589_415168_3.jpeg
141,1000001589_416722_1.jpeg
142,1000001589_416722_2.jpeg
143,1000001589_416722_3.jpeg
144,1000001589_42259_0.jpeg
145,1000001589_42259_1.jpeg
146,1000001589_42259_2.jpeg
147,1000001589_42259_3.jpeg
148,1000001589_448572_1.jpeg
149,1000001589_569221_1.jpeg
150,1000001589_569221_2.jpeg
151,1000001589_569221_3.jpeg
152,1000001589_569221_4.jpeg
153,1000001589_598022_1.jpeg
154,1000001589_598022_2.jpeg
155,1000001589_598022_3.jpeg
156,1000001589_598022_4.jpeg
157,1000001589_641039_1.jpeg
158,1000001589_665834_2.jpeg
159,1000001589_665834_3.jpeg
160,1000001589_682921_1.jpeg
161,1000001589_682921_2.jpeg
162,1000001589_682921_3.jpeg
163,1000001589_682921_4.jpeg
164,1000001589_687231_1.jpeg
165,1000001589_687231_2.jpeg
166,1000001589_687231_3.jpeg
167,1000001589_687231_4.jpeg
168,1000001589_705017_1.jpeg
169,1000001589_705280_1.jpeg
170,1000001589_705280_2.jpeg
171,1000001589_705280_3.jpeg
172,1000001589_713324_1.jpeg
173,1000001589_82572_1.jpeg
174,1000001703_12313_1.jpeg
175,1000001703_12313_2.jpeg
176,1000001703_42346_2.jpeg
177,1000001703_42346_3.jpeg
178,1000001703_42816_1.jpeg
179,1000001703_43700_1.jpeg
180,1000001703_43700_2.jpeg
181,1000001703_43700_3.jpeg
182,1000001703_43700_4.jpeg
183,1000001703_44294_1.jpeg
184,1000001703_46035_1.jpeg
185,1000001703_46536_1.jpeg
186,1000001703_47457_1.jpeg
187,1000001703_48251_1.jpeg
188,1000001703_49189_1.jpeg
189,1000001703_49189_2.jpeg
190,1000001703_49189_3.jpeg
191,1000001703_6028_3.jpeg
192,1000001703_6028_4.jpeg
193,1000001703_6128_1.jpeg
194,1000001703_6977_1.jpeg
195,1000001703_6977_2.jpeg
196,1000001703_6977_3.jpeg
197,1000001703_7931_1.jpeg
198,1000001703_7931_2.jpeg
199,1000001703_7931_3.jpeg
200,1000001703_8381_1.jpeg
201,1000001703_8958_1.jpeg
202,1000001703_8958_2.jpeg
203,1000001703_9552_1.jpeg
204,1000001857_100578_1.jpeg
205,1000001857_100578_2.jpeg
206,1000001857_23228_1.jpeg
207,1000001857_23228_2.jpeg
208,1000001857_26097_1.jpeg
209,1000001857_26097_2.jpeg
210,1000001857_26097_3.jpeg
211,1000001857_26097_4.jpeg
212,1000001857_39914_1.jpeg
213,1000001857_42802_1.jpeg
214,1000001857_42802_2.jpeg
215,1000001857_42802_3.jpeg
216,1000001857_42802_4.jpeg
217,1000001857_43282_1.jpeg
218,1000001857_43282_2.jpeg
219,1000001857_43282_3.jpeg
220,1000001857_43592_1.jpeg
221,1000001857_8570_1.jpeg
222,1000001857_8570_2.jpeg
223,1000001857_86834_1.jpeg
224,1000001857_88034_1.jpeg
225,1000001857_88034_2.jpeg
226,1000001857_88034_3.jpeg
227,1000001857_88034_4.jpeg
228,1000001857_99712_1.jpeg
229,1000001857_99712_2.jpeg
230,1000001857_99712_3.jpeg
231,1000001857_99712_4.jpeg
232,1000001974_103121_1.jpeg
233,1000001974_109426_1.jpeg
234,1000001974_194342_1.jpeg
235,1000001974_194342_2.jpeg
236,1000001974_194342_3.jpeg
237,1000001974_194342_4.jpeg
238,1000001974_194603_1.jpeg
239,1000001974_200739_1.jpeg
240,1000001974_200868_1.jpeg
241,1000001974_201597_1.jpeg
242,1000001974_206407_1.jpeg
243,1000001974_208057_1.jpeg
244,1000001974_209266_1.jpeg
245,1000001974_215990_1.jpeg
246,1000001974_216847_1.jpeg
247,1000001974_216847_2.jpeg
248,1000001974_8145_2.jpeg
249,1000001974_8145_3.jpeg
250,1000001974_85469_1.jpeg
251,1000001974_90916_1.jpeg
252,1000001974_91231_1.jpeg
253,1000001974_94250_1.jpeg
254,1000001974_96233_1.jpeg
255,1000001974_96838_1.jpeg
256,1000001974_96838_2.jpeg
257,1000001974_96838_3.jpeg
258,1000001974_96838_4.jpeg
259,1000002181_1000164_1.jpeg
260,1000002181_1006031_1.jpeg
261,1000002181_1898967_3.jpeg
262,1000002181_1898967_4.jpeg
263,1000002181_1916814_1.jpeg
264,1000002181_1945261_1.jpeg
265,1000002181_1997020_1.jpeg
266,1000002181_200078_1.jpeg
267,1000002181_2032533_1.jpeg
268,1000002181_2051334_1.jpeg
269,1000002181_2096635_1.jpeg
270,1000002181_2142545_1.jpeg
271,1000002181_2142942_1.jpeg
272,1000002181_2206540_1.jpeg
273,1000002181_2206540_2.jpeg
274,1000002181_701183_1.jpeg
275,1000002181_724854_1.jpeg
276,1000002181_747500_1.jpeg
277,1000002181_770764_1.jpeg
278,1000002181_770764_2.jpeg
279,1000002181_775829_1.jpeg
280,1000002181_845765_1.jpeg
281,1000002181_939809_1.jpeg
282,1000002181_957376_1.jpeg
283,1000002181_957380_1.jpeg
284,1000002181_979913_1.jpeg
285,1000002181_987272_1.jpeg
286,1000002181_995334_1.jpeg
287,1000002312_1009483_1.jpeg
288,1000002312_1017364_1.jpeg
289,1000002312_1017364_2.jpeg
290,1000002312_1017598_1.jpeg
291,1000002312_336751_1.jpeg
292,1000002312_336751_2.jpeg
293,1000002312_336751_3.jpeg
294,1000002312_339879_1.jpeg
295,1000002312_339879_2.jpeg
296,1000002312_353364_1.jpeg
297,1000002312_353364_2.jpeg
298,1000002312_359344_1.jpeg
299,1000002312_37178_1.jpeg
300,1000002312_405046_1.jpeg
301,1000002312_419694_1.jpeg
302,1000002312_423115_1.jpeg
303,1000002312_425279_1.jpeg
304,1000002312_458241_1.jpeg
305,1000002312_466372_1.jpeg
306,1000002312_955812_1.jpeg
307,1000002312_966290_1.jpeg
308,1000002312_970097_1.jpeg
309,1000002312_97612_1.jpeg
310,1000002312_97612_2.jpeg
311,1000002312_97612_3.jpeg
312,1000002312_990282_1.jpeg
313,1000002553_114226_1.jpeg
314,1000002553_114226_2.jpeg
315,1000002553_114226_3.jpeg
316,1000002553_122273_1.jpeg
317,1000002553_16819_1.jpeg
318,1000002553_16819_2.jpeg
319,1000002553_16819_3.jpeg
320,1000002553_16819_4.jpeg
321,1000002553_19291_1.jpeg
322,1000002553_19291_2.jpeg
323,1000002553_28334_1.jpeg
324,1000002553_28334_2.jpeg
325,1000002553_31121_1.jpeg
326,1000002553_31121_2.jpeg
327,1000002553_31121_3.jpeg
328,1000002553_33985_1.jpeg
329,1000002553_33985_2.jpeg
330,1000002553_33985_3.jpeg
331,1000002553_33985_4.jpeg
332,1000002553_34333_1.jpeg
333,1000002553_41281_1.jpeg
334,1000002553_41281_2.jpeg
335,1000002553_41281_3.jpeg
336,1000002553_90822_4.jpeg
337,1000002553_9104_1.jpeg
338,1000002553_9104_2.jpeg
339,1000002553_9104_3.jpeg
340,1000002553_9104_4.jpeg
341,1000002553_93579_1.jpeg
342,1000002619_105483_1.jpeg
343,1000002619_105483_2.jpeg
344,1000002619_105483_3.jpeg
345,1000002619_105483_4.jpeg
346,1000002619_217108_4.jpeg
347,1000002619_230471_1.jpeg
348,1000002619_236786_1.jpeg
349,1000002619_237593_1.jpeg
350,1000002619_237593_2.jpeg
351,1000002619_237593_3.jpeg
352,1000002619_237593_4.jpeg
353,1000002619_257666_1.jpeg
354,1000002619_274593_1.jpeg
355,1000002619_286869_1.jpeg
356,1000002619_287256_1.jpeg
357,1000002619_86025_3.jpeg
358,1000002619_86025_4.jpeg
359,1000002619_89398_1.jpeg
360,1000002619_97360_1.jpeg
361,1000002619_97360_2.jpeg
362,1000002619_97360_3.jpeg
363,1000002827_100006_1.jpeg
364,1000002827_100006_2.jpeg
365,1000002827_100024_1.jpeg
366,1000002827_101206_1.jpeg
367,1000002827_103381_1.jpeg
368,1000002827_265000_1.jpeg
369,1000002827_274544_1.jpeg
370,1000002827_281580_1.jpeg
371,1000002827_283681_1.jpeg
372,1000002827_288371_1.jpeg
373,1000002827_295_0.jpeg
374,1000002827_298837_1.jpeg
375,1000002827_308797_1.jpeg
376,1000002827_310488_1.jpeg
377,1000002827_315787_1.jpeg
378,1000002827_333253_1.jpeg
379,1000002827_66059_1.jpeg
380,1000002827_66059_2.jpeg
381,1000002827_77676_1.jpeg
382,1000002827_80130_1.jpeg
383,1000002827_82843_1.jpeg
384,1000002827_86297_1.jpeg
385,1000002827_96577_1.jpeg
386,1000002999_1315799_1.jpeg
387,1000002999_1315799_2.jpeg
388,1000002999_1315799_3.jpeg
389,1000002999_1372075_1.jpeg
390,1000002999_1372075_2.jpeg
391,1000002999_3872739_3.jpeg
392,1000002999_3872739_4.jpeg
393,1000002999_3958316_1.jpeg
394,1000002999_3958316_2.jpeg
395,1000002999_3958316_3.jpeg
396,1000002999_3958316_4.jpeg
397,1000002999_4145662_1.jpeg
398,1000002999_4145662_2.jpeg
399,1000002999_4145662_3.jpeg
400,1000002999_4145662_4.jpeg
401,1000002999_4161644_1.jpeg
402,1000002999_754487_2.jpeg
403,1000002999_754487_3.jpeg
404,1000002999_754487_4.jpeg
405,1000002999_767738_1.jpeg
406,1000002999_813583_1.jpeg
407,1000002999_860625_1.jpeg
408,1000003633_1029340_1.jpeg
409,1000003633_1029340_2.jpeg
410,1000003633_1055352_1.jpeg
411,1000003633_1055352_2.jpeg
412,1000003633_1062058_1.jpeg
413,1000003633_1547267_2.jpeg
414,1000003633_1547267_3.jpeg
415,1000003633_1547267_4.jpeg
416,1000003633_1597013_1.jpeg
417,1000003633_1600876_1.jpeg
418,1000003633_1681813_1.jpeg
419,1000003633_1681813_2.jpeg
420,1000003633_169504_0.jpeg
421,1000003633_169504_1.jpeg
422,1000003633_169504_2.jpeg
423,1000003633_169504_3.jpeg
424,1000003633_1789054_1.jpeg
425,1000003633_1789054_2.jpeg
426,1000003633_1789054_3.jpeg
427,1000003633_1789054_4.jpeg
428,1000003633_1838575_1.jpeg
429,1000003633_1838575_2.jpeg
430,1000003633_1838575_3.jpeg
431,1000003633_1838575_4.jpeg
432,1000003633_1843961_1.jpeg
433,1000003633_1876559_1.jpeg
434,1000003633_191614_1.jpeg
435,1000003633_191614_2.jpeg
436,1000003633_191614_3.jpeg
437,1000003633_191614_4.jpeg
438,1000003633_1949869_1.jpeg
439,1000003633_1991892_1.jpeg
440,1000003633_1991892_2.jpeg
441,1000003633_1991892_3.jpeg
442,1000003633_1991892_4.jpeg
443,1000003633_2146904_1.jpeg
444,1000003633_2146904_2.jpeg
445,1000003633_976460_1.jpeg
446,1000003633_976460_2.jpeg
447,1000003633_976460_3.jpeg
448,1000003633_976460_4.jpeg
449,1000003633_977187_1.jpeg
450,1000003705_106329_1.jpeg
451,1000003705_106329_2.jpeg
452,1000003705_106329_3.jpeg
453,1000003705_106329_4.jpeg
454,1000003705_107797_1.jpeg
455,1000003705_272673_2.jpeg
456,1000003705_272673_3.jpeg
457,1000003705_274686_1.jpeg
458,1000003705_274686_2.jpeg
459,1000003705_274686_3.jpeg
460,1000003705_276938_1.jpeg
461,1000003705_296339_1.jpeg
462,1000003705_296339_2.jpeg
463,1000003705_300461_1.jpeg
464,1000003705_315908_1.jpeg
465,1000003705_342906_1.jpeg
466,1000003705_70946_1.jpeg
467,1000003705_70946_2.jpeg
468,1000003705_70946_3.jpeg
469,1000003705_84749_1.jpeg
470,1000003705_84749_2.jpeg
471,1000003705_92511_1.jpeg
472,1000003705_93417_1.jpeg
473,1000003705_93417_2.jpeg
474,1000003705_95171_1.jpeg
475,1000003705_99685_1.jpeg
476,1000003705_99685_2.jpeg
477,1000003705_99685_3.jpeg
478,1000003705_99685_4.jpeg
479,1000004228_1014055_1.jpeg
480,1000004228_1029037_1.jpeg
481,1000004228_1061759_1.jpeg
482,1000004228_1074862_1.jpeg
483,1000004228_1116429_1.jpeg
484,1000004228_1129757_1.jpeg
485,1000004228_1998253_1.jpeg
486,1000004228_2047825_1.jpeg
487,1000004228_2075040_1.jpeg
488,1000004228_2079793_1.jpeg
489,1000004228_2114357_1.jpeg
490,1000004228_2129472_1.jpeg
491,1000004228_2161385_1.jpeg
492,1000004228_2237704_1.jpeg
493,1000004228_2264252_1.jpeg
494,1000004228_2283011_1.jpeg
495,1000004228_232532_1.jpeg
496,1000004228_232532_2.jpeg
497,1000004228_2334072_1.jpeg
498,1000004228_2630387_1.jpeg
499,1000004228_2650693_1.jpeg
500,1000004228_2664380_1.jpeg
501,1000004228_2738259_1.jpeg
502,1000004228_2763246_1.jpeg
503,1000004228_2775640_1.jpeg
504,1000004228_2838660_1.jpeg
505,1000004228_2865316_1.jpeg
506,1000004228_2882598_1.jpeg
507,1000004228_2885677_1.jpeg
508,1000004228_2924280_1.jpeg
509,1000004228_3097193_1.jpeg
510,1000004228_3185426_1.jpeg
511,1000004228_3185426_2.jpeg
512,1000004228_3185426_3.jpeg
513,1000004228_319985_1.jpeg
514,1000004228_711216_2.jpeg
515,1000004228_716358_1.jpeg
516,1000004228_72435_0.jpeg
517,1000004228_781651_1.jpeg
518,1000004228_804534_1.jpeg
519,1000004228_832427_1.jpeg
520,1000004228_876326_1.jpeg
521,1000004228_936474_1.jpeg
522,1000004228_936474_2.jpeg
523,1000004298_103447_1.jpeg
524,1000004298_105291_1.jpeg
525,1000004298_111983_1.jpeg
526,1000004298_114839_1.jpeg
527,1000004298_114839_2.jpeg
528,1000004298_115169_1.jpeg
529,1000004298_123983_1.jpeg
530,1000004298_124416_1.jpeg
531,1000004298_128265_1.jpeg
532,1000004298_139320_1.jpeg
533,1000004298_148183_1.jpeg
534,1000004298_155179_1.jpeg
535,1000004298_161380_1.jpeg
536,1000004298_172887_1.jpeg
537,1000004298_180687_1.jpeg
538,1000004298_180687_2.jpeg
539,1000004298_181826_1.jpeg
540,1000004298_181826_2.jpeg
541,1000004298_181826_3.jpeg
542,1000004298_190011_1.jpeg
543,1000004298_210024_1.jpeg
544,1000004298_214789_1.jpeg
545,1000004298_214789_2.jpeg
546,1000004298_217560_1.jpeg
547,1000004298_236390_1.jpeg
548,1000004298_236390_2.jpeg
549,1000004298_236390_3.jpeg
550,1000004298_240141_1.jpeg
551,1000004298_256758_1.jpeg
552,1000004298_263476_1.jpeg
553,1000004298_26489_0.jpeg
554,1000004298_267193_1.jpeg
555,1000004298_280328_1.jpeg
556,1000004298_294185_1.jpeg
557,1000004298_294185_2.jpeg
558,1000004298_296965_1.jpeg
559,1000004298_303940_1.jpeg
560,1000004298_308362_1.jpeg
561,1000004298_308362_2.jpeg
562,1000004298_308362_3.jpeg
563,1000004298_326929_1.jpeg
564,1000004298_332200_1.jpeg
565,1000004298_337728_1.jpeg
566,1000004298_351340_1.jpeg
567,1000004298_353259_1.jpeg
568,1000004298_353351_1.jpeg
569,1000004298_354545_1.jpeg
570,1000004298_354545_2.jpeg
571,1000004298_354545_3.jpeg
572,1000004298_356909_1.jpeg
573,1000004298_367258_1.jpeg
574,1000004298_368394_1.jpeg
575,1000004298_374651_1.jpeg
576,1000004298_384220_1.jpeg
577,1000004298_388850_1.jpeg
578,1000004298_388850_2.jpeg
579,1000004298_391513_1.jpeg
580,1000004298_392096_1.jpeg
581,1000004298_392096_2.jpeg
582,1000004298_392096_3.jpeg
583,1000004298_413629_1.jpeg
584,1000004298_413764_1.jpeg
585,1000004298_413764_2.jpeg
586,1000004298_413764_3.jpeg
587,1000004298_413764_4.jpeg
588,1000004298_418484_1.jpeg
589,1000004298_421234_1.jpeg
590,1000004298_421234_2.jpeg
591,1000004298_421234_3.jpeg
592,1000004298_421234_4.jpeg
593,1000004298_429740_1.jpeg
594,1000004298_432369_1.jpeg
595,1000004298_433695_1.jpeg
596,1000004298_440095_1.jpeg
597,1000004298_449460_1.jpeg
598,1000004298_450114_1.jpeg
599,1000004298_450114_2.jpeg
600,1000004298_452206_1.jpeg
601,1000004298_452206_2.jpeg
602,1000004298_452206_3.jpeg
603,1000004298_452206_4.jpeg
604,1000004298_458578_1.jpeg
605,1000004298_463272_1.jpeg
606,1000004298_466754_1.jpeg
607,1000004298_468200_1.jpeg
608,1000004298_473415_1.jpeg
609,1000004298_474648_1.jpeg
610,1000004298_48192_1.jpeg
611,1000004298_500777_1.jpeg
612,1000004298_61515_1.jpeg
613,1000004298_70695_1.jpeg
614,1000004298_87312_1.jpeg
615,1000004298_87312_2.jpeg
616,1000004298_87312_3.jpeg
617,1000004298_87400_1.jpeg
618,1000004298_97262_1.jpeg
619,1000004298_97262_2.jpeg
620,1000004298_97262_3.jpeg
621,1000004298_97262_4.jpeg
622,1000004298_99334_1.jpeg
623,1000004309_1019274_1.jpeg
624,1000004309_1019274_2.jpeg
625,1000004309_1019274_3.jpeg
626,1000004309_1030963_1.jpeg
627,1000004309_1043919_1.jpeg
628,1000004309_1043919_2.jpeg
629,1000004309_1043919_3.jpeg
630,1000004309_1097250_1.jpeg
631,1000004309_1097250_2.jpeg
632,1000004309_1097250_3.jpeg
633,1000004309_1097250_4.jpeg
634,1000004309_1152719_1.jpeg
635,1000004309_1152719_2.jpeg
636,1000004309_1152719_3.jpeg
637,1000004309_1152719_4.jpeg
638,1000004309_1159566_1.jpeg
639,1000004309_1226901_1.jpeg
640,1000004309_1292384_1.jpeg
641,1000004309_1309566_1.jpeg
642,1000004309_1309566_2.jpeg
643,1000004309_1309566_3.jpeg
644,1000004309_1309566_4.jpeg
645,1000004309_1315956_1.jpeg
646,1000004309_1417398_1.jpeg
647,1000004309_1435023_1.jpeg
648,1000004309_1435023_2.jpeg
649,1000004309_1435023_3.jpeg
650,1000004309_1435023_4.jpeg
651,1000004309_1437335_1.jpeg
652,1000004309_1437335_2.jpeg
653,1000004309_1437335_3.jpeg
654,1000004309_1437335_4.jpeg
655,1000004309_144461_1.jpeg
656,1000004309_144461_2.jpeg
657,1000004309_1465009_1.jpeg
658,1000004309_1465009_2.jpeg
659,1000004309_1492187_1.jpeg
660,1000004309_1505367_1.jpeg
661,1000004309_1505367_2.jpeg
662,1000004309_1505367_3.jpeg
663,1000004309_1505367_4.jpeg
664,1000004309_1550745_1.jpeg
665,1000004309_1550745_2.jpeg
666,1000004309_1550745_3.jpeg
667,1000004309_1550745_4.jpeg
668,1000004309_1552810_1.jpeg
669,1000004309_1561399_1.jpeg
670,1000004309_295997_1.jpeg
671,1000004309_295997_2.jpeg
672,1000004309_295997_3.jpeg
673,1000004309_295997_4.jpeg
674,1000004309_309824_1.jpeg
675,1000004309_372565_1.jpeg
676,1000004309_372565_2.jpeg
677,1000004309_372565_3.jpeg
678,1000004309_372565_4.jpeg
679,1000004309_413560_1.jpeg
680,1000004309_426089_1.jpeg
681,1000004309_426089_2.jpeg
682,1000004309_426089_3.jpeg
683,1000004309_426089_4.jpeg
684,1000004309_486506_1.jpeg
685,1000004309_520696_1.jpeg
686,1000004309_520696_2.jpeg
687,1000004309_538370_1.jpeg
688,1000004309_538370_2.jpeg
689,1000004309_538370_3.jpeg
690,1000004309_538370_4.jpeg
691,1000004309_539865_1.jpeg
692,1000004309_543629_1.jpeg
693,1000004309_561313_1.jpeg
694,1000004309_572741_1.jpeg
695,1000004309_572741_2.jpeg
696,1000004309_572741_3.jpeg
697,1000004309_572741_4.jpeg
698,1000004309_57283_0.jpeg
699,1000004309_57283_1.jpeg
700,1000004309_57283_2.jpeg
701,1000004309_57283_3.jpeg
702,1000004309_601786_1.jpeg
703,1000004309_618392_1.jpeg
704,1000004309_649682_1.jpeg
705,1000004309_705174_1.jpeg
706,1000004309_705806_1.jpeg
707,1000004309_705806_2.jpeg
708,1000004309_74746_1.jpeg
709,1000004309_766190_1.jpeg
710,1000004309_889041_1.jpeg
711,1000004309_889041_2.jpeg
712,1000004309_889041_3.jpeg
713,1000004309_889041_4.jpeg
714,1000004309_899091_1.jpeg
715,1000004309_94673_1.jpeg
716,1000004309_958890_1.jpeg
717,1000004309_958890_2.jpeg
718,1000004309_958890_3.jpeg
719,1000004309_958890_4.jpeg
720,1000004309_979746_1.jpeg
721,1000004309_997223_1.jpeg
722,1000004450_1027634_1.jpeg
723,1000004450_1055572_1.jpeg
724,1000004450_1104180_1.jpeg
725,1000004450_1167763_1.jpeg
726,1000004450_1168647_1.jpeg
727,1000004450_1171775_1.jpeg
728,1000004450_124311_1.jpeg
729,1000004450_1247960_1.jpeg
730,1000004450_1279796_1.jpeg
731,1000004450_1345193_1.jpeg
732,1000004450_1345193_2.jpeg
733,1000004450_1345193_3.jpeg
734,1000004450_1480094_1.jpeg
735,1000004450_1489196_1.jpeg
736,1000004450_1577773_1.jpeg
737,1000004450_1655979_1.jpeg
738,1000004450_1718450_1.jpeg
739,1000004450_1790482_1.jpeg
740,1000004450_1791074_1.jpeg
741,1000004450_1837665_1.jpeg
742,1000004450_1840855_1.jpeg
743,1000004450_1842106_1.jpeg
744,1000004450_189960_1.jpeg
745,1000004450_1901420_1.jpeg
746,1000004450_1994513_1.jpeg
747,1000004450_209909_1.jpeg
748,1000004450_2129211_1.jpeg
749,1000004450_2143950_1.jpeg
750,1000004450_2207556_1.jpeg
751,1000004450_2239865_1.jpeg
752,1000004450_2281419_1.jpeg
753,1000004450_2359419_1.jpeg
754,1000004450_2394015_1.jpeg
755,1000004450_2415997_1.jpeg
756,1000004450_2485435_1.jpeg
757,1000004450_250420_1.jpeg
758,1000004450_2525762_1.jpeg
759,1000004450_2529247_1.jpeg
760,1000004450_25648_0.jpeg
761,1000004450_2582117_1.jpeg
762,1000004450_3036589_1.jpeg
763,1000004450_3078708_1.jpeg
764,1000004450_3099655_1.jpeg
765,1000004450_3232384_1.jpeg
766,1000004450_3251508_1.jpeg
767,1000004450_3328842_1.jpeg
768,1000004450_3340536_1.jpeg
769,1000004450_3361060_1.jpeg
770,1000004450_346591_1.jpeg
771,1000004450_354289_1.jpeg
772,1000004450_3547066_1.jpeg
773,1000004450_3559635_1.jpeg
774,1000004450_3628389_1.jpeg
775,1000004450_368877_1.jpeg
776,1000004450_368877_2.jpeg
777,1000004450_3701019_1.jpeg
778,1000004450_3799968_1.jpeg
779,1000004450_3826079_1.jpeg
780,1000004450_3836674_1.jpeg
781,1000004450_3854883_1.jpeg
782,1000004450_398587_1.jpeg
783,1000004450_398587_2.jpeg
784,1000004450_3987326_1.jpeg
785,1000004450_399079_1.jpeg
786,1000004450_4063287_1.jpeg
787,1000004450_4215164_1.jpeg
788,1000004450_4215164_2.jpeg
789,1000004450_440670_1.jpeg
790,1000004450_4410962_1.jpeg
791,1000004450_4414463_1.jpeg
792,1000004450_4479693_1.jpeg
793,1000004450_456203_1.jpeg
794,1000004450_4576534_1.jpeg
795,1000004450_4622446_1.jpeg
796,1000004450_4635276_1.jpeg
797,1000004450_4652574_1.jpeg
798,1000004450_4758785_1.jpeg
799,1000004450_4882655_1.jpeg
800,1000004450_4942243_1.jpeg
801,1000004450_4958312_1.jpeg
802,1000004450_499142_1.jpeg
803,1000004450_5084133_1.jpeg
804,1000004450_510227_1.jpeg
805,1000004450_5156532_1.jpeg
806,1000004450_5168274_1.jpeg
807,1000004450_5298239_1.jpeg
808,1000004450_5381174_1.jpeg
809,1000004450_5426191_1.jpeg
810,1000004450_5434018_1.jpeg
811,1000004450_5440876_1.jpeg
812,1000004450_5474124_1.jpeg
813,1000004450_5479979_1.jpeg
814,1000004450_5626269_1.jpeg
815,1000004450_654405_1.jpeg
816,1000004450_760377_1.jpeg
817,1000004450_761990_1.jpeg
818,1000004450_85005_1.jpeg
819,1000004450_896100_1.jpeg
820,1000004450_945874_1.jpeg
821,1000004450_995891_1.jpeg
822,1000005296_1015879_1.jpeg
823,1000005296_1015879_2.jpeg
824,1000005296_1015879_3.jpeg
825,1000005296_1062319_1.jpeg
826,1000005296_1062319_2.jpeg
827,1000005296_1116660_1.jpeg
828,1000005296_1116660_2.jpeg
829,1000005296_1116660_3.jpeg
830,1000005296_1137784_1.jpeg
831,1000005296_1137784_2.jpeg
832,1000005296_1137784_3.jpeg
833,1000005296_1137784_4.jpeg
834,1000005296_1162891_1.jpeg
835,1000005296_1162891_2.jpeg
836,1000005296_1162891_3.jpeg
837,1000005296_1192854_1.jpeg
838,1000005296_1192854_2.jpeg
839,1000005296_1257573_1.jpeg
840,1000005296_1257573_2.jpeg
841,1000005296_1257573_3.jpeg
842,1000005296_1257573_4.jpeg
843,1000005296_1352813_1.jpeg
844,1000005296_1352813_2.jpeg
845,1000005296_1352813_3.jpeg
846,1000005296_1352813_4.jpeg
847,1000005296_1370155_1.jpeg
848,1000005296_1380339_1.jpeg
849,1000005296_1380339_2.jpeg
850,1000005296_1393106_1.jpeg
851,1000005296_1393106_2.jpeg
852,1000005296_1393106_3.jpeg
853,1000005296_1393106_4.jpeg
854,1000005296_1401988_1.jpeg
855,1000005296_1476108_1.jpeg
856,1000005296_1476108_2.jpeg
857,1000005296_1476108_3.jpeg
858,1000005296_1476108_4.jpeg
859,1000005296_1541795_1.jpeg
860,1000005296_1541795_2.jpeg
861,1000005296_1541795_3.jpeg
862,1000005296_1541795_4.jpeg
863,1000005296_155738_1.jpeg
864,1000005296_1621646_1.jpeg
865,1000005296_1621646_2.jpeg
866,1000005296_1645782_1.jpeg
867,1000005296_1670895_1.jpeg
868,1000005296_1707734_1.jpeg
869,1000005296_1707734_2.jpeg
870,1000005296_1847315_1.jpeg
871,1000005296_1847315_2.jpeg
872,1000005296_1847315_3.jpeg
873,1000005296_1847315_4.jpeg
874,1000005296_1847894_1.jpeg
875,1000005296_1847894_2.jpeg
876,1000005296_1847894_3.jpeg
877,1000005296_196914_1.jpeg
878,1000005296_204484_1.jpeg
879,1000005296_204484_2.jpeg
880,1000005296_215196_1.jpeg
881,1000005296_215196_2.jpeg
882,1000005296_215196_3.jpeg
883,1000005296_215575_1.jpeg
884,1000005296_215575_2.jpeg
885,1000005296_215575_3.jpeg
886,1000005296_277302_1.jpeg
887,1000005296_277302_2.jpeg
888,1000005296_277302_3.jpeg
889,1000005296_277302_4.jpeg
890,1000005296_280617_1.jpeg
891,1000005296_280617_2.jpeg
892,1000005296_280617_3.jpeg
893,1000005296_326982_1.jpeg
894,1000005296_326982_2.jpeg
895,1000005296_326982_3.jpeg
896,1000005296_326982_4.jpeg
897,1000005296_429092_1.jpeg
898,1000005296_429092_2.jpeg
899,1000005296_429092_3.jpeg
900,1000005296_429092_4.jpeg
901,1000005296_493919_1.jpeg
902,1000005296_493919_2.jpeg
903,1000005296_493919_3.jpeg
904,1000005296_493919_4.jpeg
905,1000005296_570173_1.jpeg
906,1000005296_593617_1.jpeg
907,1000005296_593617_2.jpeg
908,1000005296_593617_3.jpeg
909,1000005296_810200_1.jpeg
910,1000005296_810200_2.jpeg
911,1000005296_810200_3.jpeg
912,1000005296_812823_1.jpeg
913,1000005296_812823_2.jpeg
914,1000005296_879398_1.jpeg
915,1000005296_98656_0.jpeg
916,1000005296_98656_1.jpeg
917,1000005296_98656_2.jpeg
918,1000005296_98656_3.jpeg
919,1000005352_1196207_1.jpeg
920,1000005352_1196207_2.jpeg
921,1000005352_1357811_1.jpeg
922,1000005352_1407342_1.jpeg
923,1000005352_1407342_2.jpeg
924,1000005352_1407342_3.jpeg
925,1000005352_1407342_4.jpeg
926,1000005352_1418655_1.jpeg
927,1000005352_1611476_1.jpeg
928,1000005352_1634990_1.jpeg
929,1000005352_2106809_1.jpeg
930,1000005352_2106809_2.jpeg
931,1000005352_3033039_1.jpeg
932,1000005352_3184794_1.jpeg
933,1000005352_3184794_2.jpeg
934,1000005352_3184794_3.jpeg
935,1000005352_3240115_1.jpeg
936,1000005352_3568116_1.jpeg
937,1000005352_3568116_2.jpeg
938,1000005352_3568116_3.jpeg
939,1000005352_3568116_4.jpeg
940,1000005352_3857865_1.jpeg
941,1000005352_4064613_1.jpeg
942,1000005352_4064613_2.jpeg
943,1000005352_4064613_3.jpeg
944,1000005352_4064613_4.jpeg
945,1000005352_411008_0.jpeg
946,1000005352_4375297_1.jpeg
947,1000005352_4375297_2.jpeg
948,1000005352_4375297_3.jpeg
949,1000005352_4375297_4.jpeg
950,1000005352_4588548_1.jpeg
951,1000005352_4704617_1.jpeg
952,1000005352_4704617_2.jpeg
953,1000005352_4704617_3.jpeg
954,1000005352_4728236_1.jpeg
955,1000005352_5140959_1.jpeg
956,1000005352_5140959_2.jpeg
957,1000005352_5140959_3.jpeg
958,1000005352_5140959_4.jpeg
959,1000005352_531365_1.jpeg
960,1000005352_5455007_1.jpeg
961,1000005352_5455007_2.jpeg
962,1000005352_5455007_3.jpeg
963,1000005352_5455007_4.jpeg
964,1000005352_5599914_1.jpeg
965,1000005352_5599914_2.jpeg
966,1000005352_5884781_1.jpeg
967,1000005352_5884781_2.jpeg
968,1000005352_6417523_1.jpeg
969,1000005352_6417523_2.jpeg
970,1000005352_6423886_1.jpeg
971,1000005352_6423886_2.jpeg
972,1000005352_6423886_3.jpeg
973,1000005352_6423886_4.jpeg
974,1000005352_6441209_1.jpeg
975,1000005352_6441209_2.jpeg
976,1000005352_6486190_1.jpeg
977,1000005352_6544970_1.jpeg
978,1000005352_6544970_2.jpeg
979,1000005352_6650896_1.jpeg
980,1000005352_6771917_1.jpeg
981,1000005352_6771917_2.jpeg
982,1000005352_6771917_3.jpeg
983,1000005352_6810398_1.jpeg
984,1000005352_6909255_1.jpeg
985,1000005352_6909255_2.jpeg
986,1000005352_6909255_3.jpeg
987,1000005352_6909255_4.jpeg
988,1000005352_6999302_1.jpeg
989,1000005352_732078_1.jpeg
990,1000005352_732078_2.jpeg
991,1000005352_732078_3.jpeg
992,1000005352_732078_4.jpeg
993,1000005352_735892_1.jpeg
994,1000005352_735892_2.jpeg
995,1000005352_735892_3.jpeg
996,1000005352_735892_4.jpeg
997,1000005352_773930_1.jpeg
998,1000005352_871308_1.jpeg
999,1000005352_871308_2.jpeg
1000,1000005436_159035_1.jpeg
1001,1000005436_159035_2.jpeg
1002,1000005436_159035_3.jpeg
1003,1000005436_162646_1.jpeg
1004,1000005436_173089_1.jpeg
1005,1000005436_173089_2.jpeg
1006,1000005436_173089_3.jpeg
1007,1000005436_173089_4.jpeg
1008,1000005436_199952_1.jpeg
1009,1000005436_199952_2.jpeg
1010,1000005436_199952_3.jpeg
1011,1000005436_199952_4.jpeg
1012,1000005436_201145_1.jpeg
1013,1000005436_201145_2.jpeg
1014,1000005436_201145_3.jpeg
1015,1000005436_201145_4.jpeg
1016,1000005436_228216_1.jpeg
1017,1000005436_228216_2.jpeg
1018,1000005436_228216_3.jpeg
1019,1000005436_228216_4.jpeg
1020,1000005436_276662_1.jpeg
1021,1000005436_276662_2.jpeg
1022,1000005436_315465_1.jpeg
1023,1000005436_315465_2.jpeg
1024,1000005436_315465_3.jpeg
1025,1000005436_315465_4.jpeg
1026,1000005436_339183_1.jpeg
1027,1000005436_339183_2.jpeg
1028,1000005436_339183_3.jpeg
1029,1000005436_339183_4.jpeg
1030,1000005436_349530_1.jpeg
1031,1000005436_349530_2.jpeg
1032,1000005436_349530_3.jpeg
1033,1000005436_349530_4.jpeg
1034,1000005436_356158_1.jpeg
1035,1000005436_356158_2.jpeg
1036,1000005436_364827_1.jpeg
1037,1000005436_393492_1.jpeg
1038,1000005436_393492_2.jpeg
1039,1000005436_393492_3.jpeg
1040,1000005436_393492_4.jpeg
1041,1000005436_394859_1.jpeg
1042,1000005436_394859_2.jpeg
1043,1000005436_394859_3.jpeg
1044,1000005436_396823_1.jpeg
1045,1000005436_404229_1.jpeg
1046,1000005436_404229_2.jpeg
1047,1000005436_404229_3.jpeg
1048,1000005436_404229_4.jpeg
1049,1000005436_407089_1.jpeg
1050,1000005436_407089_2.jpeg
1051,1000005436_407089_3.jpeg
1052,1000005436_407089_4.jpeg
1053,1000005436_430895_1.jpeg
1054,1000005436_430895_2.jpeg
1055,1000005436_430895_3.jpeg
1056,1000005436_430895_4.jpeg
1057,1000005436_452127_1.jpeg
1058,1000005436_452127_2.jpeg
1059,1000005436_452127_3.jpeg
1060,1000005436_452127_4.jpeg
1061,1000005436_452236_1.jpeg
1062,1000005436_452236_2.jpeg
1063,1000005436_452236_3.jpeg
1064,1000005436_452236_4.jpeg
1065,1000005436_463464_1.jpeg
1066,1000005436_463464_2.jpeg
1067,1000005436_463464_3.jpeg
1068,1000005436_463464_4.jpeg
1069,1000005436_477163_1.jpeg
1070,1000005436_477163_2.jpeg
1071,1000005436_477163_3.jpeg
1072,1000005436_48033_0.jpeg
1073,1000005436_481372_1.jpeg
1074,1000005436_481372_2.jpeg
1075,1000005436_481372_3.jpeg
1076,1000005436_481372_4.jpeg
1077,1000005436_522786_1.jpeg
1078,1000005436_522786_2.jpeg
1079,1000005436_522786_3.jpeg
1080,1000005436_522786_4.jpeg
1081,1000005436_54530_1.jpeg
1082,1000005436_54530_2.jpeg
1083,1000005436_54530_3.jpeg
1084,1000005436_54530_4.jpeg
1085,1000005436_554526_1.jpeg
1086,1000005436_554526_2.jpeg
1087,1000005436_554526_3.jpeg
1088,1000005436_554526_4.jpeg
1089,1000005436_558234_1.jpeg
1090,1000005436_61494_1.jpeg
1091,1000005436_61494_2.jpeg
1092,1000005436_61494_3.jpeg
1093,1000005436_61494_4.jpeg
1094,1000005436_69829_1.jpeg
1095,1000005436_69829_2.jpeg
1096,1000005436_69829_3.jpeg
1097,1000005436_69829_4.jpeg
1098,1000005450_1070031_1.jpeg
1099,1000005450_1095382_1.jpeg
1100,1000005450_1095382_2.jpeg
1101,1000005450_1095382_3.jpeg
1102,1000005450_1207906_1.jpeg
1103,1000005450_1245293_1.jpeg
1104,1000005450_1250079_1.jpeg
1105,1000005450_1330153_1.jpeg
1106,1000005450_1330153_2.jpeg
1107,1000005450_1330153_3.jpeg
1108,1000005450_1339717_1.jpeg
1109,1000005450_1425750_1.jpeg
1110,1000005450_1425750_2.jpeg
1111,1000005450_1425750_3.jpeg
1112,1000005450_1425750_4.jpeg
1113,1000005450_1518459_1.jpeg
1114,1000005450_1518459_2.jpeg
1115,1000005450_1539799_1.jpeg
1116,1000005450_1553979_1.jpeg
1117,1000005450_1585077_1.jpeg
1118,1000005450_1589363_1.jpeg
1119,1000005450_1589363_2.jpeg
1120,1000005450_1594582_1.jpeg
1121,1000005450_1594582_2.jpeg
1122,1000005450_1617623_1.jpeg
1123,1000005450_1617623_2.jpeg
1124,1000005450_1617623_3.jpeg
1125,1000005450_1617623_4.jpeg
1126,1000005450_1687650_1.jpeg
1127,1000005450_1687650_2.jpeg
1128,1000005450_1717018_1.jpeg
1129,1000005450_1717018_2.jpeg
1130,1000005450_1718327_1.jpeg
1131,1000005450_1718327_2.jpeg
1132,1000005450_1718327_3.jpeg
1133,1000005450_1721736_1.jpeg
1134,1000005450_1736722_1.jpeg
1135,1000005450_1771031_1.jpeg
1136,1000005450_1774514_1.jpeg
1137,1000005450_1774514_2.jpeg
1138,1000005450_1774514_3.jpeg
1139,1000005450_1774514_4.jpeg
1140,1000005450_1803631_1.jpeg
1141,1000005450_1803631_2.jpeg
1142,1000005450_1803631_3.jpeg
1143,1000005450_1830320_1.jpeg
1144,1000005450_1830320_2.jpeg
1145,1000005450_1830320_3.jpeg
1146,1000005450_1974938_1.jpeg
1147,1000005450_2106192_1.jpeg
1148,1000005450_2106192_2.jpeg
1149,1000005450_2167956_1.jpeg
1150,1000005450_2179539_1.jpeg
1151,1000005450_2179539_2.jpeg
1152,1000005450_2201977_1.jpeg
1153,1000005450_2201977_2.jpeg
1154,1000005450_2201977_3.jpeg
1155,1000005450_2201977_4.jpeg
1156,1000005450_2274072_1.jpeg
1157,1000005450_2274072_2.jpeg
1158,1000005450_2274072_3.jpeg
1159,1000005450_2321422_1.jpeg
1160,1000005450_2486576_1.jpeg
1161,1000005450_2486576_2.jpeg
1162,1000005450_2486576_3.jpeg
1163,1000005450_2486576_4.jpeg
1164,1000005450_2534630_1.jpeg
1165,1000005450_2534630_2.jpeg
1166,1000005450_2534630_3.jpeg
1167,1000005450_2534630_4.jpeg
1168,1000005450_2663497_1.jpeg
1169,1000005450_2747839_1.jpeg
1170,1000005450_358919_1.jpeg
1171,1000005450_435419_1.jpeg
1172,1000005450_435419_2.jpeg
1173,1000005450_435419_3.jpeg
1174,1000005450_437996_1.jpeg
1175,1000005450_472558_1.jpeg
1176,1000005450_542457_1.jpeg
1177,1000005450_542457_2.jpeg
1178,1000005450_57736_1.jpeg
1179,1000005450_624368_1.jpeg
1180,1000005450_7752_0.jpeg
1181,1000005450_7752_1.jpeg
1182,1000005450_825252_1.jpeg
1183,1000005450_825252_2.jpeg
1184,1000005450_825252_3.jpeg
1185,1000005450_825252_4.jpeg
1186,1000005450_859714_1.jpeg
1187,1000005450_859714_2.jpeg
1188,1000005450_859714_3.jpeg
1189,1000005450_859714_4.jpeg
1190,1000005450_860040_1.jpeg
1191,1000005450_898761_1.jpeg
1192,1000005450_906127_1.jpeg
1193,1000005450_906127_2.jpeg
1194,1000005450_964923_1.jpeg
1195,1000005450_964923_2.jpeg
1196,1000005450_974152_1.jpeg
1197,1000005450_974152_2.jpeg
1198,1000005597_1011484_1.jpeg
1199,1000005597_1110325_1.jpeg
1200,1000005597_1150842_1.jpeg
1201,1000005597_1229862_1.jpeg
1202,1000005597_1231851_1.jpeg
1203,1000005597_1231851_2.jpeg
1204,1000005597_1231851_3.jpeg
1205,1000005597_1231851_4.jpeg
1206,1000005597_1433283_1.jpeg
1207,1000005597_1527063_1.jpeg
1208,1000005597_153235_0.jpeg
1209,1000005597_1536372_1.jpeg
1210,1000005597_162813_1.jpeg
1211,1000005597_1651617_1.jpeg
1212,1000005597_1651617_2.jpeg
1213,1000005597_1672242_1.jpeg
1214,1000005597_1781883_1.jpeg
1215,1000005597_1790568_1.jpeg
1216,1000005597_1793529_1.jpeg
1217,1000005597_1801047_1.jpeg
1218,1000005597_1842110_1.jpeg
1219,1000005597_1960838_1.jpeg
1220,1000005597_1960838_2.jpeg
1221,1000005597_1960838_3.jpeg
1222,1000005597_2097551_1.jpeg
1223,1000005597_2174899_1.jpeg
1224,1000005597_2357853_1.jpeg
1225,1000005597_2418258_1.jpeg
1226,1000005597_2438642_1.jpeg
1227,1000005597_2441299_1.jpeg
1228,1000005597_2499654_1.jpeg
1229,1000005597_2718205_1.jpeg
1230,1000005597_293180_1.jpeg
1231,1000005597_293180_2.jpeg
1232,1000005597_293180_3.jpeg
1233,1000005597_3106410_1.jpeg
1234,1000005597_3111386_1.jpeg
1235,1000005597_3130391_1.jpeg
1236,1000005597_3156314_1.jpeg
1237,1000005597_3211486_1.jpeg
1238,1000005597_333462_1.jpeg
1239,1000005597_3356712_1.jpeg
1240,1000005597_3500649_1.jpeg
1241,1000005597_3574643_1.jpeg
1242,1000005597_3638561_1.jpeg
1243,1000005597_3649110_1.jpeg
1244,1000005597_3649110_2.jpeg
1245,1000005597_3649110_3.jpeg
1246,1000005597_3649110_4.jpeg
1247,1000005597_3682227_1.jpeg
1248,1000005597_3910616_1.jpeg
1249,1000005597_392189_1.jpeg
1250,1000005597_4140944_1.jpeg
1251,1000005597_4374713_1.jpeg
1252,1000005597_4405416_1.jpeg
1253,1000005597_4420480_1.jpeg
1254,1000005597_4420480_2.jpeg
1255,1000005597_4420480_3.jpeg
1256,1000005597_4476814_1.jpeg
1257,1000005597_4647959_1.jpeg
1258,1000005597_473308_1.jpeg
1259,1000005597_4748747_1.jpeg
1260,1000005597_4933781_1.jpeg
1261,1000005597_4934130_1.jpeg
1262,1000005597_4948159_1.jpeg
1263,1000005597_5075137_1.jpeg
1264,1000005597_5203562_1.jpeg
1265,1000005597_5203562_2.jpeg
1266,1000005597_5277816_1.jpeg
1267,1000005597_5497827_1.jpeg
1268,1000005597_5563830_1.jpeg
1269,1000005597_5759383_1.jpeg
1270,1000005597_5759383_2.jpeg
1271,1000005597_5891763_1.jpeg
1272,1000005597_5891763_2.jpeg
1273,1000005597_5904887_1.jpeg
1274,1000005597_5904887_2.jpeg
1275,1000005597_5935996_1.jpeg
1276,1000005597_5948470_1.jpeg
1277,1000005597_5972118_1.jpeg
1278,1000005597_5973202_1.jpeg
1279,1000005597_6013237_1.jpeg
1280,1000005597_6070881_1.jpeg
1281,1000005597_6182797_1.jpeg
1282,1000005597_6182797_2.jpeg
1283,1000005597_6198752_1.jpeg
1284,1000005597_6198752_2.jpeg
1285,1000005597_6198752_3.jpeg
1286,1000005597_6221704_1.jpeg
1287,1000005597_6279018_1.jpeg
1288,1000005597_6353415_1.jpeg
1289,1000005597_6452334_1.jpeg
1290,1000005597_6553780_1.jpeg
1291,1000005597_6553780_2.jpeg
1292,1000005597_6553780_3.jpeg
1293,1000005597_6553780_4.jpeg
1294,1000005597_694815_1.jpeg
1295,1000005597_737399_1.jpeg
1296,1000005597_835764_1.jpeg
1297,1000005597_868914_1.jpeg
1298,1000005613_1005578_1.jpeg
1299,1000005613_1013767_1.jpeg
1300,1000005613_1014215_1.jpeg
1301,1000005613_1017627_1.jpeg
1302,1000005613_1035481_1.jpeg
1303,1000005613_1068163_1.jpeg
1304,1000005613_1118355_1.jpeg
1305,1000005613_1125137_1.jpeg
1306,1000005613_113278_1.jpeg
1307,1000005613_1140344_1.jpeg
1308,1000005613_133254_1.jpeg
1309,1000005613_166149_1.jpeg
1310,1000005613_203995_1.jpeg
1311,1000005613_206128_1.jpeg
1312,1000005613_238189_1.jpeg
1313,1000005613_245753_1.jpeg
1314,1000005613_25893_1.jpeg
1315,1000005613_279333_1.jpeg
1316,1000005613_28865_1.jpeg
1317,1000005613_300828_1.jpeg
1318,1000005613_305284_1.jpeg
1319,1000005613_317145_1.jpeg
1320,1000005613_323543_1.jpeg
1321,1000005613_327478_1.jpeg
1322,1000005613_328048_1.jpeg
1323,1000005613_344923_1.jpeg
1324,1000005613_347406_1.jpeg
1325,1000005613_358501_1.jpeg
1326,1000005613_392961_1.jpeg
1327,1000005613_393375_1.jpeg
1328,1000005613_397420_1.jpeg
1329,1000005613_41242_1.jpeg
1330,1000005613_423371_1.jpeg
1331,1000005613_428659_1.jpeg
1332,1000005613_431255_1.jpeg
1333,1000005613_435377_1.jpeg
1334,1000005613_440733_1.jpeg
1335,1000005613_441045_1.jpeg
1336,1000005613_441652_1.jpeg
1337,1000005613_443673_1.jpeg
1338,1000005613_449332_1.jpeg
1339,1000005613_477099_1.jpeg
1340,1000005613_478753_1.jpeg
1341,1000005613_481938_1.jpeg
1342,1000005613_485511_1.jpeg
1343,1000005613_486098_1.jpeg
1344,1000005613_497903_1.jpeg
1345,1000005613_509911_1.jpeg
1346,1000005613_520889_1.jpeg
1347,1000005613_531849_1.jpeg
1348,1000005613_561948_1.jpeg
1349,1000005613_580571_1.jpeg
1350,1000005613_588631_1.jpeg
1351,1000005613_592083_1.jpeg
1352,1000005613_595552_1.jpeg
1353,1000005613_598886_1.jpeg
1354,1000005613_618517_1.jpeg
1355,1000005613_627007_1.jpeg
1356,1000005613_627109_1.jpeg
1357,1000005613_629078_1.jpeg
1358,1000005613_631963_1.jpeg
1359,1000005613_644992_1.jpeg
1360,1000005613_6740_0.jpeg
1361,1000005613_694074_1.jpeg
1362,1000005613_694580_1.jpeg
1363,1000005613_700968_1.jpeg
1364,1000005613_726704_1.jpeg
1365,1000005613_750918_1.jpeg
1366,1000005613_756085_1.jpeg
1367,1000005613_762986_1.jpeg
1368,1000005613_768202_1.jpeg
1369,1000005613_775525_1.jpeg
1370,1000005613_781304_1.jpeg
1371,1000005613_784026_1.jpeg
1372,1000005613_797308_1.jpeg
1373,1000005613_799978_1.jpeg
1374,1000005613_80076_1.jpeg
1375,1000005613_805584_1.jpeg
1376,1000005613_805584_2.jpeg
1377,1000005613_805584_3.jpeg
1378,1000005613_808679_1.jpeg
1379,1000005613_817653_1.jpeg
1380,1000005613_81843_1.jpeg
1381,1000005613_825346_1.jpeg
1382,1000005613_853208_1.jpeg
1383,1000005613_854192_1.jpeg
1384,1000005613_854235_1.jpeg
1385,1000005613_854636_1.jpeg
1386,1000005613_858584_1.jpeg
1387,1000005613_862145_1.jpeg
1388,1000005613_886304_1.jpeg
1389,1000005613_89469_1.jpeg
1390,1000005613_897879_1.jpeg
1391,1000005613_904838_1.jpeg
1392,1000005613_929898_1.jpeg
1393,1000005613_940518_1.jpeg
1394,1000005613_949520_1.jpeg
1395,1000005613_987824_1.jpeg
1396,1000005613_993352_1.jpeg
1397,1000005613_993726_1.jpeg
1398,1000005736_1038922_1.jpeg
1399,1000005736_1057014_1.jpeg
1400,1000005736_106194_1.jpeg
1401,1000005736_1080007_1.jpeg
1402,1000005736_1080007_2.jpeg
1403,1000005736_1088891_1.jpeg
1404,1000005736_1120484_1.jpeg
1405,1000005736_1120484_2.jpeg
1406,1000005736_1120484_3.jpeg
1407,1000005736_1120484_4.jpeg
1408,1000005736_1122924_1.jpeg
1409,1000005736_1132651_1.jpeg
1410,1000005736_1158080_1.jpeg
1411,1000005736_1162050_1.jpeg
1412,1000005736_1179438_1.jpeg
1413,1000005736_1188842_1.jpeg
1414,1000005736_1188842_2.jpeg
1415,1000005736_1188842_3.jpeg
1416,1000005736_1189689_1.jpeg
1417,1000005736_1197099_1.jpeg
1418,1000005736_1203067_1.jpeg
1419,1000005736_121275_1.jpeg
1420,1000005736_1217057_1.jpeg
1421,1000005736_1259528_1.jpeg
1422,1000005736_1261025_1.jpeg
1423,1000005736_1285169_1.jpeg
1424,1000005736_1292008_1.jpeg
1425,1000005736_131967_1.jpeg
1426,1000005736_164944_1.jpeg
1427,1000005736_186121_1.jpeg
1428,1000005736_186121_2.jpeg
1429,1000005736_186121_3.jpeg
1430,1000005736_186121_4.jpeg
1431,1000005736_186801_1.jpeg
1432,1000005736_187665_1.jpeg
1433,1000005736_210083_1.jpeg
1434,1000005736_227779_1.jpeg
1435,1000005736_227779_2.jpeg
1436,1000005736_247062_1.jpeg
1437,1000005736_247062_2.jpeg
1438,1000005736_247062_3.jpeg
1439,1000005736_247062_4.jpeg
1440,1000005736_268950_1.jpeg
1441,1000005736_268950_2.jpeg
1442,1000005736_284097_1.jpeg
1443,1000005736_331660_1.jpeg
1444,1000005736_340247_1.jpeg
1445,1000005736_378417_1.jpeg
1446,1000005736_384737_1.jpeg
1447,1000005736_45014_0.jpeg
1448,1000005736_459318_1.jpeg
1449,1000005736_466344_1.jpeg
1450,1000005736_471100_1.jpeg
1451,1000005736_475217_1.jpeg
1452,1000005736_509581_1.jpeg
1453,1000005736_51098_1.jpeg
1454,1000005736_524392_1.jpeg
1455,1000005736_524392_2.jpeg
1456,1000005736_524392_3.jpeg
1457,1000005736_534042_1.jpeg
1458,1000005736_536680_1.jpeg
1459,1000005736_555206_1.jpeg
1460,1000005736_607435_1.jpeg
1461,1000005736_615532_1.jpeg
1462,1000005736_645665_1.jpeg
1463,1000005736_645911_1.jpeg
1464,1000005736_663897_1.jpeg
1465,1000005736_665875_1.jpeg
1466,1000005736_665875_2.jpeg
1467,1000005736_695379_1.jpeg
1468,1000005736_695379_2.jpeg
1469,1000005736_695379_3.jpeg
1470,1000005736_695379_4.jpeg
1471,1000005736_698836_1.jpeg
1472,1000005736_698836_2.jpeg
1473,1000005736_698836_3.jpeg
1474,1000005736_71896_1.jpeg
1475,1000005736_724238_1.jpeg
1476,1000005736_758777_1.jpeg
1477,1000005736_758777_2.jpeg
1478,1000005736_758777_3.jpeg
1479,1000005736_772056_1.jpeg
1480,1000005736_778666_1.jpeg
1481,1000005736_787027_1.jpeg
1482,1000005736_789024_1.jpeg
1483,1000005736_849088_1.jpeg
1484,1000005736_849088_2.jpeg
1485,1000005736_849088_3.jpeg
1486,1000005736_849088_4.jpeg
1487,1000005736_856194_1.jpeg
1488,1000005736_883863_1.jpeg
1489,1000005736_897369_1.jpeg
1490,1000005736_903644_1.jpeg
1491,1000005736_918949_1.jpeg
1492,1000005736_918949_2.jpeg
1493,1000005736_918949_3.jpeg
1494,1000005736_962461_1.jpeg
1495,1000005736_969269_1.jpeg
1496,1000005736_97051_1.jpeg
1497,1000005736_990346_1.jpeg
1498,1000005870_100817_1.jpeg
1499,1000005870_101752_1.jpeg
1500,1000005870_101752_2.jpeg
1501,1000005870_106739_1.jpeg
1502,1000005870_116313_1.jpeg
1503,1000005870_119297_1.jpeg
1504,1000005870_119297_2.jpeg
1505,1000005870_119297_3.jpeg
1506,1000005870_121803_1.jpeg
1507,1000005870_121803_2.jpeg
1508,1000005870_121803_3.jpeg
1509,1000005870_121803_4.jpeg
1510,1000005870_129196_1.jpeg
1511,1000005870_136698_1.jpeg
1512,1000005870_141454_1.jpeg
1513,1000005870_141454_2.jpeg
1514,1000005870_141454_3.jpeg
1515,1000005870_141454_4.jpeg
1516,1000005870_141789_1.jpeg
1517,1000005870_169595_1.jpeg
1518,1000005870_170573_1.jpeg
1519,1000005870_184006_1.jpeg
1520,1000005870_190269_1.jpeg
1521,1000005870_210551_1.jpeg
1522,1000005870_216361_1.jpeg
1523,1000005870_216361_2.jpeg
1524,1000005870_220822_1.jpeg
1525,1000005870_220822_2.jpeg
1526,1000005870_220822_3.jpeg
1527,1000005870_226029_1.jpeg
1528,1000005870_227305_1.jpeg
